id;text;locale_key;group;link;external_link;target;icon;disabled;hide;hide_in_breadcrumb;shortcut;shortcut_root;reuse;code;description;type;order;api_permission_codes;parent_id;component_file;redirect
1;仪表盘;;false;/dashboard;;PARENT;ant-design:appstore-outlined;false;false;false;false;false;false;dashboard;;MENU;1;;;LAYOUT;/dashboard/analysis
2;分析页;;false;/dashboard/analysis;;BLANK;;false;false;false;false;false;false;dashboard-analysis;;MENU;0;;1;dashboard/Analysis;
3;系统设置;;false;/settings/system;;NULL;ion:settings-outline;false;false;false;false;false;false;settings-system;;MENU;1;;;LAYOUT;
4;缓存管理;;false;/system/cache-manage;;SELF;;false;false;false;false;false;false;system-cache-manage;;MENU;1;;3;system/cache-manage/cache-manage;
5;数据可视;;false;/entities/report;;SELF;ant-design:bar-chart-outlined;false;false;false;false;false;false;report;;MENU;1;;;LAYOUT;
6;可视权限;;false;/system/view-permission;;SELF;;false;false;false;false;false;false;systemViewPermissionList;;MENU;1;;3;system/view-permission/view-permission-list;
7;新建可视权限;;false;;;SELF;;false;true;false;false;false;false;system:viewPermission:new;;BUTTON;1;;6;;
8;编辑可视权限;;false;;;SELF;;false;true;false;false;false;false;system:viewPermission:edit;;BUTTON;1;;6;;
9;查看可视权限;;false;;;SELF;;false;true;false;false;false;false;system:viewPermission:detail;;BUTTON;1;;6;;
10;删除可视权限;;false;;;SELF;;false;true;false;false;false;false;system:viewPermission:delete;;BUTTON;1;;6;;
11;导入可视权限;;false;;;SELF;;false;true;false;false;false;false;system:viewPermission:import;;BUTTON;1;;6;;
12;导出可视权限;;false;;;SELF;;false;true;false;false;false;false;system:viewPermission:export;;BUTTON;1;;6;;
13;打印可视权限;;false;;;SELF;;false;true;false;false;false;false;system:viewPermission:print;;BUTTON;1;;6;;
14;列配置可视权限;;false;;;SELF;;false;true;false;false;false;false;system:viewPermission:customColumn;;BUTTON;1;;6;;
15;编辑可视权限;;false;/system/view-permission/:entityId/edit;;SELF;;false;true;false;false;false;false;systemViewPermissionEdit;;MENU;1;;3;system/view-permission/view-permission-edit;
16;新建可视权限;;false;/system/view-permission/new;;SELF;;false;true;false;false;false;false;systemViewPermissionNew;;MENU;1;;3;system/view-permission/view-permission-edit;
17;查看可视权限;;false;/system/view-permission/:entityId/detail;;SELF;;false;true;false;false;false;false;systemViewPermissionDetail;;MENU;1;;3;system/view-permission/view-permission-detail;
18;角色;;false;/system/authority;;SELF;;false;false;false;false;false;false;systemAuthorityList;;MENU;1;;3;system/authority/authority-list;
19;新建角色;;false;;;SELF;;false;true;false;false;false;false;system:authority:new;;BUTTON;1;;18;;
20;编辑角色;;false;;;SELF;;false;true;false;false;false;false;system:authority:edit;;BUTTON;1;;18;;
21;查看角色;;false;;;SELF;;false;true;false;false;false;false;system:authority:detail;;BUTTON;1;;18;;
22;删除角色;;false;;;SELF;;false;true;false;false;false;false;system:authority:delete;;BUTTON;1;;18;;
23;导入角色;;false;;;SELF;;false;true;false;false;false;false;system:authority:import;;BUTTON;1;;18;;
24;导出角色;;false;;;SELF;;false;true;false;false;false;false;system:authority:export;;BUTTON;1;;18;;
25;打印角色;;false;;;SELF;;false;true;false;false;false;false;system:authority:print;;BUTTON;1;;18;;
26;列配置角色;;false;;;SELF;;false;true;false;false;false;false;system:authority:customColumn;;BUTTON;1;;18;;
27;编辑角色;;false;/system/authority/:entityId/edit;;SELF;;false;true;false;false;false;false;systemAuthorityEdit;;MENU;1;;3;system/authority/authority-edit;
28;新建角色;;false;/system/authority/new;;SELF;;false;true;false;false;false;false;systemAuthorityNew;;MENU;1;;3;system/authority/authority-edit;
29;查看角色;;false;/system/authority/:entityId/detail;;SELF;;false;true;false;false;false;false;systemAuthorityDetail;;MENU;1;;3;system/authority/authority-detail;
30;用户;;false;/system/user;;SELF;;false;false;false;false;false;false;systemUserList;;MENU;1;;3;system/user/user-list;
31;新建用户;;false;;;SELF;;false;true;false;false;false;false;system:user:new;;BUTTON;1;;30;;
32;编辑用户;;false;;;SELF;;false;true;false;false;false;false;system:user:edit;;BUTTON;1;;30;;
33;查看用户;;false;;;SELF;;false;true;false;false;false;false;system:user:detail;;BUTTON;1;;30;;
34;删除用户;;false;;;SELF;;false;true;false;false;false;false;system:user:delete;;BUTTON;1;;30;;
35;导入用户;;false;;;SELF;;false;true;false;false;false;false;system:user:import;;BUTTON;1;;30;;
36;导出用户;;false;;;SELF;;false;true;false;false;false;false;system:user:export;;BUTTON;1;;30;;
37;打印用户;;false;;;SELF;;false;true;false;false;false;false;system:user:print;;BUTTON;1;;30;;
38;列配置用户;;false;;;SELF;;false;true;false;false;false;false;system:user:customColumn;;BUTTON;1;;30;;
39;编辑用户;;false;/system/user/:entityId/edit;;SELF;;false;true;false;false;false;false;systemUserEdit;;MENU;1;;3;system/user/user-edit;
40;新建用户;;false;/system/user/new;;SELF;;false;true;false;false;false;false;systemUserNew;;MENU;1;;3;system/user/user-edit;
41;查看用户;;false;/system/user/:entityId/detail;;SELF;;false;true;false;false;false;false;systemUserDetail;;MENU;1;;3;system/user/user-detail;
42;API权限;;false;/system/api-permission;;SELF;;false;false;false;false;false;false;systemApiPermissionList;;MENU;1;;3;system/api-permission/api-permission-list;
43;新建API权限;;false;;;SELF;;false;true;false;false;false;false;system:apiPermission:new;;BUTTON;1;;42;;
44;编辑API权限;;false;;;SELF;;false;true;false;false;false;false;system:apiPermission:edit;;BUTTON;1;;42;;
45;查看API权限;;false;;;SELF;;false;true;false;false;false;false;system:apiPermission:detail;;BUTTON;1;;42;;
46;删除API权限;;false;;;SELF;;false;true;false;false;false;false;system:apiPermission:delete;;BUTTON;1;;42;;
47;导入API权限;;false;;;SELF;;false;true;false;false;false;false;system:apiPermission:import;;BUTTON;1;;42;;
48;导出API权限;;false;;;SELF;;false;true;false;false;false;false;system:apiPermission:export;;BUTTON;1;;42;;
49;打印API权限;;false;;;SELF;;false;true;false;false;false;false;system:apiPermission:print;;BUTTON;1;;42;;
50;列配置API权限;;false;;;SELF;;false;true;false;false;false;false;system:apiPermission:customColumn;;BUTTON;1;;42;;
51;编辑API权限;;false;/system/api-permission/:entityId/edit;;SELF;;false;true;false;false;false;false;systemApiPermissionEdit;;MENU;1;;3;system/api-permission/api-permission-edit;
52;新建API权限;;false;/system/api-permission/new;;SELF;;false;true;false;false;false;false;systemApiPermissionNew;;MENU;1;;3;system/api-permission/api-permission-edit;
53;查看API权限;;false;/system/api-permission/:entityId/detail;;SELF;;false;true;false;false;false;false;systemApiPermissionDetail;;MENU;1;;3;system/api-permission/api-permission-detail;
54;配置管理;;false;/settings;;SELF;ant-design:control-filled;false;false;false;false;false;false;settings;;MENU;1;;;LAYOUT;
55;部门;;false;/settings/department;;SELF;;false;false;false;false;false;false;systemDepartmentList;;MENU;1;;54;settings/department/department-list;
56;新建部门;;false;;;SELF;;false;true;false;false;false;false;system:department:new;;BUTTON;1;;55;;
57;编辑部门;;false;;;SELF;;false;true;false;false;false;false;system:department:edit;;BUTTON;1;;55;;
58;查看部门;;false;;;SELF;;false;true;false;false;false;false;system:department:detail;;BUTTON;1;;55;;
59;删除部门;;false;;;SELF;;false;true;false;false;false;false;system:department:delete;;BUTTON;1;;55;;
60;导入部门;;false;;;SELF;;false;true;false;false;false;false;system:department:import;;BUTTON;1;;55;;
61;导出部门;;false;;;SELF;;false;true;false;false;false;false;system:department:export;;BUTTON;1;;55;;
62;打印部门;;false;;;SELF;;false;true;false;false;false;false;system:department:print;;BUTTON;1;;55;;
63;列配置部门;;false;;;SELF;;false;true;false;false;false;false;system:department:customColumn;;BUTTON;1;;55;;
64;编辑部门;;false;/settings/department/:entityId/edit;;SELF;;false;true;false;false;false;false;systemDepartmentEdit;;MENU;1;;54;settings/department/department-edit;
65;新建部门;;false;/settings/department/new;;SELF;;false;true;false;false;false;false;systemDepartmentNew;;MENU;1;;54;settings/department/department-edit;
66;查看部门;;false;/settings/department/:entityId/detail;;SELF;;false;true;false;false;false;false;systemDepartmentDetail;;MENU;1;;54;settings/department/department-detail;
67;岗位;;false;/settings/position;;SELF;;false;false;false;false;false;false;systemPositionList;;MENU;1;;54;settings/position/position-list;
68;新建岗位;;false;;;SELF;;false;true;false;false;false;false;system:position:new;;BUTTON;1;;67;;
69;编辑岗位;;false;;;SELF;;false;true;false;false;false;false;system:position:edit;;BUTTON;1;;67;;
70;查看岗位;;false;;;SELF;;false;true;false;false;false;false;system:position:detail;;BUTTON;1;;67;;
71;删除岗位;;false;;;SELF;;false;true;false;false;false;false;system:position:delete;;BUTTON;1;;67;;
72;导入岗位;;false;;;SELF;;false;true;false;false;false;false;system:position:import;;BUTTON;1;;67;;
73;导出岗位;;false;;;SELF;;false;true;false;false;false;false;system:position:export;;BUTTON;1;;67;;
74;打印岗位;;false;;;SELF;;false;true;false;false;false;false;system:position:print;;BUTTON;1;;67;;
75;列配置岗位;;false;;;SELF;;false;true;false;false;false;false;system:position:customColumn;;BUTTON;1;;67;;
76;编辑岗位;;false;/settings/position/:entityId/edit;;SELF;;false;true;false;false;false;false;systemPositionEdit;;MENU;1;;54;settings/position/position-edit;
77;新建岗位;;false;/settings/position/new;;SELF;;false;true;false;false;false;false;systemPositionNew;;MENU;1;;54;settings/position/position-edit;
78;查看岗位;;false;/settings/position/:entityId/detail;;SELF;;false;true;false;false;false;false;systemPositionDetail;;MENU;1;;54;settings/position/position-detail;
79;业务类型;;false;/settings/business-type;;SELF;;false;false;false;false;false;false;systemBusinessTypeList;;MENU;1;;54;settings/business-type/business-type-list;
80;新建业务类型;;false;;;SELF;;false;true;false;false;false;false;system:businessType:new;;BUTTON;1;;79;;
81;编辑业务类型;;false;;;SELF;;false;true;false;false;false;false;system:businessType:edit;;BUTTON;1;;79;;
82;查看业务类型;;false;;;SELF;;false;true;false;false;false;false;system:businessType:detail;;BUTTON;1;;79;;
83;删除业务类型;;false;;;SELF;;false;true;false;false;false;false;system:businessType:delete;;BUTTON;1;;79;;
84;导入业务类型;;false;;;SELF;;false;true;false;false;false;false;system:businessType:import;;BUTTON;1;;79;;
85;导出业务类型;;false;;;SELF;;false;true;false;false;false;false;system:businessType:export;;BUTTON;1;;79;;
86;打印业务类型;;false;;;SELF;;false;true;false;false;false;false;system:businessType:print;;BUTTON;1;;79;;
87;列配置业务类型;;false;;;SELF;;false;true;false;false;false;false;system:businessType:customColumn;;BUTTON;1;;79;;
88;编辑业务类型;;false;/settings/business-type/:entityId/edit;;SELF;;false;true;false;false;false;false;systemBusinessTypeEdit;;MENU;1;;54;settings/business-type/business-type-edit;
89;新建业务类型;;false;/settings/business-type/new;;SELF;;false;true;false;false;false;false;systemBusinessTypeNew;;MENU;1;;54;settings/business-type/business-type-edit;
90;查看业务类型;;false;/settings/business-type/:entityId/detail;;SELF;;false;true;false;false;false;false;systemBusinessTypeDetail;;MENU;1;;54;settings/business-type/business-type-detail;
115;文件管理;;false;/files;;SELF;ant-design:file-search-outlined;false;false;false;false;false;false;files;;MENU;1;;;LAYOUT;
116;资源分类;;false;/files/resource-category;;SELF;;false;false;false;false;false;false;ossResourceCategoryList;;MENU;1;;115;files/resource-category/resource-category-list;
117;新建资源分类;;false;;;SELF;;false;true;false;false;false;false;oss:resourceCategory:new;;BUTTON;1;;116;;
118;编辑资源分类;;false;;;SELF;;false;true;false;false;false;false;oss:resourceCategory:edit;;BUTTON;1;;116;;
119;查看资源分类;;false;;;SELF;;false;true;false;false;false;false;oss:resourceCategory:detail;;BUTTON;1;;116;;
120;删除资源分类;;false;;;SELF;;false;true;false;false;false;false;oss:resourceCategory:delete;;BUTTON;1;;116;;
121;导入资源分类;;false;;;SELF;;false;true;false;false;false;false;oss:resourceCategory:import;;BUTTON;1;;116;;
122;导出资源分类;;false;;;SELF;;false;true;false;false;false;false;oss:resourceCategory:export;;BUTTON;1;;116;;
123;打印资源分类;;false;;;SELF;;false;true;false;false;false;false;oss:resourceCategory:print;;BUTTON;1;;116;;
124;列配置资源分类;;false;;;SELF;;false;true;false;false;false;false;oss:resourceCategory:customColumn;;BUTTON;1;;116;;
125;编辑资源分类;;false;/files/resource-category/:entityId/edit;;SELF;;false;true;false;false;false;false;ossResourceCategoryEdit;;MENU;1;;115;files/resource-category/resource-category-edit;
126;新建资源分类;;false;/files/resource-category/new;;SELF;;false;true;false;false;false;false;ossResourceCategoryNew;;MENU;1;;115;files/resource-category/resource-category-edit;
127;查看资源分类;;false;/files/resource-category/:entityId/detail;;SELF;;false;true;false;false;false;false;ossResourceCategoryDetail;;MENU;1;;115;files/resource-category/resource-category-detail;
128;上传文件;;false;/files/upload-file;;SELF;;false;false;false;false;false;false;ossUploadFileList;;MENU;1;;115;files/upload-file/upload-file-list;
129;新建上传文件;;false;;;SELF;;false;true;false;false;false;false;oss:uploadFile:new;;BUTTON;1;;128;;
130;编辑上传文件;;false;;;SELF;;false;true;false;false;false;false;oss:uploadFile:edit;;BUTTON;1;;128;;
131;查看上传文件;;false;;;SELF;;false;true;false;false;false;false;oss:uploadFile:detail;;BUTTON;1;;128;;
132;删除上传文件;;false;;;SELF;;false;true;false;false;false;false;oss:uploadFile:delete;;BUTTON;1;;128;;
133;导入上传文件;;false;;;SELF;;false;true;false;false;false;false;oss:uploadFile:import;;BUTTON;1;;128;;
134;导出上传文件;;false;;;SELF;;false;true;false;false;false;false;oss:uploadFile:export;;BUTTON;1;;128;;
135;打印上传文件;;false;;;SELF;;false;true;false;false;false;false;oss:uploadFile:print;;BUTTON;1;;128;;
136;列配置上传文件;;false;;;SELF;;false;true;false;false;false;false;oss:uploadFile:customColumn;;BUTTON;1;;128;;
137;编辑上传文件;;false;/files/upload-file/:entityId/edit;;SELF;;false;true;false;false;false;false;ossUploadFileEdit;;MENU;1;;115;files/upload-file/upload-file-edit;
138;新建上传文件;;false;/files/upload-file/new;;SELF;;false;true;false;false;false;false;ossUploadFileNew;;MENU;1;;115;files/upload-file/upload-file-edit;
139;查看上传文件;;false;/files/upload-file/:entityId/detail;;SELF;;false;true;false;false;false;false;ossUploadFileDetail;;MENU;1;;115;files/upload-file/upload-file-detail;
140;上传图片;;false;/files/upload-image;;SELF;;false;false;false;false;false;false;ossUploadImageList;;MENU;1;;115;files/upload-image/upload-image-list;
141;新建上传图片;;false;;;SELF;;false;true;false;false;false;false;oss:uploadImage:new;;BUTTON;1;;140;;
142;编辑上传图片;;false;;;SELF;;false;true;false;false;false;false;oss:uploadImage:edit;;BUTTON;1;;140;;
143;查看上传图片;;false;;;SELF;;false;true;false;false;false;false;oss:uploadImage:detail;;BUTTON;1;;140;;
144;删除上传图片;;false;;;SELF;;false;true;false;false;false;false;oss:uploadImage:delete;;BUTTON;1;;140;;
145;导入上传图片;;false;;;SELF;;false;true;false;false;false;false;oss:uploadImage:import;;BUTTON;1;;140;;
146;导出上传图片;;false;;;SELF;;false;true;false;false;false;false;oss:uploadImage:export;;BUTTON;1;;140;;
147;打印上传图片;;false;;;SELF;;false;true;false;false;false;false;oss:uploadImage:print;;BUTTON;1;;140;;
148;列配置上传图片;;false;;;SELF;;false;true;false;false;false;false;oss:uploadImage:customColumn;;BUTTON;1;;140;;
149;编辑上传图片;;false;/files/upload-image/:entityId/edit;;SELF;;false;true;false;false;false;false;ossUploadImageEdit;;MENU;1;;115;files/upload-image/upload-image-edit;
150;新建上传图片;;false;/files/upload-image/new;;SELF;;false;true;false;false;false;false;ossUploadImageNew;;MENU;1;;115;files/upload-image/upload-image-edit;
151;查看上传图片;;false;/files/upload-image/:entityId/detail;;SELF;;false;true;false;false;false;false;ossUploadImageDetail;;MENU;1;;115;files/upload-image/upload-image-detail;
152;oss;;false;/oss;;SELF;ant-design:project-outline;false;false;false;false;false;false;oss;;MENU;1;;;LAYOUT;
153;对象存储配置;;false;/oss/oss-config;;SELF;;false;false;false;false;false;false;ossOssConfigList;;MENU;1;;152;files/oss-config/oss-config-list;
154;新建对象存储配置;;false;;;SELF;;false;true;false;false;false;false;oss:ossConfig:new;;BUTTON;1;;153;;
155;编辑对象存储配置;;false;;;SELF;;false;true;false;false;false;false;oss:ossConfig:edit;;BUTTON;1;;153;;
156;查看对象存储配置;;false;;;SELF;;false;true;false;false;false;false;oss:ossConfig:detail;;BUTTON;1;;153;;
157;删除对象存储配置;;false;;;SELF;;false;true;false;false;false;false;oss:ossConfig:delete;;BUTTON;1;;153;;
158;导入对象存储配置;;false;;;SELF;;false;true;false;false;false;false;oss:ossConfig:import;;BUTTON;1;;153;;
159;导出对象存储配置;;false;;;SELF;;false;true;false;false;false;false;oss:ossConfig:export;;BUTTON;1;;153;;
160;打印对象存储配置;;false;;;SELF;;false;true;false;false;false;false;oss:ossConfig:print;;BUTTON;1;;153;;
161;列配置对象存储配置;;false;;;SELF;;false;true;false;false;false;false;oss:ossConfig:customColumn;;BUTTON;1;;153;;
162;编辑对象存储配置;;false;/oss/oss-config/:entityId/edit;;SELF;;false;true;false;false;false;false;ossOssConfigEdit;;MENU;1;;152;files/oss-config/oss-config-edit;
163;新建对象存储配置;;false;/oss/oss-config/new;;SELF;;false;true;false;false;false;false;ossOssConfigNew;;MENU;1;;152;files/oss-config/oss-config-edit;
164;查看对象存储配置;;false;/oss/oss-config/:entityId/detail;;SELF;;false;true;false;false;false;false;ossOssConfigDetail;;MENU;1;;152;files/oss-config/oss-config-detail;
165;数据字典;;false;/settings/dictionary;;SELF;;false;false;false;false;false;false;systemDictionaryList;;MENU;1;;54;settings/dictionary/dictionary-list;
166;新建数据字典;;false;;;SELF;;false;true;false;false;false;false;system:dictionary:new;;BUTTON;1;;165;;
167;编辑数据字典;;false;;;SELF;;false;true;false;false;false;false;system:dictionary:edit;;BUTTON;1;;165;;
168;查看数据字典;;false;;;SELF;;false;true;false;false;false;false;system:dictionary:detail;;BUTTON;1;;165;;
169;删除数据字典;;false;;;SELF;;false;true;false;false;false;false;system:dictionary:delete;;BUTTON;1;;165;;
170;导入数据字典;;false;;;SELF;;false;true;false;false;false;false;system:dictionary:import;;BUTTON;1;;165;;
171;导出数据字典;;false;;;SELF;;false;true;false;false;false;false;system:dictionary:export;;BUTTON;1;;165;;
172;打印数据字典;;false;;;SELF;;false;true;false;false;false;false;system:dictionary:print;;BUTTON;1;;165;;
173;列配置数据字典;;false;;;SELF;;false;true;false;false;false;false;system:dictionary:customColumn;;BUTTON;1;;165;;
174;编辑数据字典;;false;/settings/dictionary/:entityId/edit;;SELF;;false;true;false;false;false;false;systemDictionaryEdit;;MENU;1;;54;settings/dictionary/dictionary-edit;
175;新建数据字典;;false;/settings/dictionary/new;;SELF;;false;true;false;false;false;false;systemDictionaryNew;;MENU;1;;54;settings/dictionary/dictionary-edit;
176;查看数据字典;;false;/settings/dictionary/:entityId/detail;;SELF;;false;true;false;false;false;false;systemDictionaryDetail;;MENU;1;;54;settings/dictionary/dictionary-detail;
189;行政区划码;;false;/settings/region-code;;SELF;;false;false;false;false;false;false;systemRegionCodeList;;MENU;1;;54;settings/region-code/region-code-list;
190;新建行政区划码;;false;;;SELF;;false;true;false;false;false;false;system:regionCode:new;;BUTTON;1;;189;;
191;编辑行政区划码;;false;;;SELF;;false;true;false;false;false;false;system:regionCode:edit;;BUTTON;1;;189;;
192;查看行政区划码;;false;;;SELF;;false;true;false;false;false;false;system:regionCode:detail;;BUTTON;1;;189;;
193;删除行政区划码;;false;;;SELF;;false;true;false;false;false;false;system:regionCode:delete;;BUTTON;1;;189;;
194;导入行政区划码;;false;;;SELF;;false;true;false;false;false;false;system:regionCode:import;;BUTTON;1;;189;;
195;导出行政区划码;;false;;;SELF;;false;true;false;false;false;false;system:regionCode:export;;BUTTON;1;;189;;
196;打印行政区划码;;false;;;SELF;;false;true;false;false;false;false;system:regionCode:print;;BUTTON;1;;189;;
197;列配置行政区划码;;false;;;SELF;;false;true;false;false;false;false;system:regionCode:customColumn;;BUTTON;1;;189;;
198;编辑行政区划码;;false;/settings/region-code/:entityId/edit;;SELF;;false;true;false;false;false;false;systemRegionCodeEdit;;MENU;1;;54;settings/region-code/region-code-edit;
199;新建行政区划码;;false;/settings/region-code/new;;SELF;;false;true;false;false;false;false;systemRegionCodeNew;;MENU;1;;54;settings/region-code/region-code-edit;
200;查看行政区划码;;false;/settings/region-code/:entityId/detail;;SELF;;false;true;false;false;false;false;systemRegionCodeDetail;;MENU;1;;54;settings/region-code/region-code-detail;
201;填充规则;;false;/settings/sys-fill-rule;;SELF;;false;false;false;false;false;false;systemSysFillRuleList;;MENU;1;;54;settings/sys-fill-rule/sys-fill-rule-list;
202;新建填充规则;;false;;;SELF;;false;true;false;false;false;false;system:sysFillRule:new;;BUTTON;1;;201;;
203;编辑填充规则;;false;;;SELF;;false;true;false;false;false;false;system:sysFillRule:edit;;BUTTON;1;;201;;
204;查看填充规则;;false;;;SELF;;false;true;false;false;false;false;system:sysFillRule:detail;;BUTTON;1;;201;;
205;删除填充规则;;false;;;SELF;;false;true;false;false;false;false;system:sysFillRule:delete;;BUTTON;1;;201;;
206;导入填充规则;;false;;;SELF;;false;true;false;false;false;false;system:sysFillRule:import;;BUTTON;1;;201;;
207;导出填充规则;;false;;;SELF;;false;true;false;false;false;false;system:sysFillRule:export;;BUTTON;1;;201;;
208;打印填充规则;;false;;;SELF;;false;true;false;false;false;false;system:sysFillRule:print;;BUTTON;1;;201;;
209;列配置填充规则;;false;;;SELF;;false;true;false;false;false;false;system:sysFillRule:customColumn;;BUTTON;1;;201;;
210;编辑填充规则;;false;/settings/sys-fill-rule/:entityId/edit;;SELF;;false;true;false;false;false;false;systemSysFillRuleEdit;;MENU;1;;54;settings/sys-fill-rule/sys-fill-rule-edit;
211;新建填充规则;;false;/settings/sys-fill-rule/new;;SELF;;false;true;false;false;false;false;systemSysFillRuleNew;;MENU;1;;54;settings/sys-fill-rule/sys-fill-rule-edit;
212;查看填充规则;;false;/settings/sys-fill-rule/:entityId/detail;;SELF;;false;true;false;false;false;false;systemSysFillRuleDetail;;MENU;1;;54;settings/sys-fill-rule/sys-fill-rule-detail;
213;报表存储;;false;/report/u-report-file;;SELF;;false;false;false;false;false;false;reportUReportFileList;;MENU;1;;5;report/u-report-file/u-report-file-list;
214;新建报表存储;;false;;;SELF;;false;true;false;false;false;false;report:uReportFile:new;;BUTTON;1;;213;;
215;编辑报表存储;;false;;;SELF;;false;true;false;false;false;false;report:uReportFile:edit;;BUTTON;1;;213;;
216;查看报表存储;;false;;;SELF;;false;true;false;false;false;false;report:uReportFile:detail;;BUTTON;1;;213;;
217;删除报表存储;;false;;;SELF;;false;true;false;false;false;false;report:uReportFile:delete;;BUTTON;1;;213;;
218;导入报表存储;;false;;;SELF;;false;true;false;false;false;false;report:uReportFile:import;;BUTTON;1;;213;;
219;导出报表存储;;false;;;SELF;;false;true;false;false;false;false;report:uReportFile:export;;BUTTON;1;;213;;
220;打印报表存储;;false;;;SELF;;false;true;false;false;false;false;report:uReportFile:print;;BUTTON;1;;213;;
221;列配置报表存储;;false;;;SELF;;false;true;false;false;false;false;report:uReportFile:customColumn;;BUTTON;1;;213;;
222;编辑报表存储;;false;/report/u-report-file/:entityId/edit;;SELF;;false;true;false;false;false;false;reportUReportFileEdit;;MENU;1;;5;report/u-report-file/u-report-file-edit;
223;新建报表存储;;false;/report/u-report-file/new;;SELF;;false;true;false;false;false;false;reportUReportFileNew;;MENU;1;;5;report/u-report-file/u-report-file-edit;
224;查看报表存储;;false;/report/u-report-file/:entityId/detail;;SELF;;false;true;false;false;false;false;reportUReportFileDetail;;MENU;1;;5;report/u-report-file/u-report-file-detail;
225;短信消息;;false;/system/sms-message;;SELF;;false;false;false;false;false;false;systemSmsMessageList;;MENU;1;;3;system/sms-message/sms-message-list;
226;新建短信消息;;false;;;SELF;;false;true;false;false;false;false;system:smsMessage:new;;BUTTON;1;;225;;
227;编辑短信消息;;false;;;SELF;;false;true;false;false;false;false;system:smsMessage:edit;;BUTTON;1;;225;;
228;查看短信消息;;false;;;SELF;;false;true;false;false;false;false;system:smsMessage:detail;;BUTTON;1;;225;;
229;删除短信消息;;false;;;SELF;;false;true;false;false;false;false;system:smsMessage:delete;;BUTTON;1;;225;;
230;导入短信消息;;false;;;SELF;;false;true;false;false;false;false;system:smsMessage:import;;BUTTON;1;;225;;
231;导出短信消息;;false;;;SELF;;false;true;false;false;false;false;system:smsMessage:export;;BUTTON;1;;225;;
232;打印短信消息;;false;;;SELF;;false;true;false;false;false;false;system:smsMessage:print;;BUTTON;1;;225;;
233;列配置短信消息;;false;;;SELF;;false;true;false;false;false;false;system:smsMessage:customColumn;;BUTTON;1;;225;;
234;编辑短信消息;;false;/system/sms-message/:entityId/edit;;SELF;;false;true;false;false;false;false;systemSmsMessageEdit;;MENU;1;;3;system/sms-message/sms-message-edit;
235;新建短信消息;;false;/system/sms-message/new;;SELF;;false;true;false;false;false;false;systemSmsMessageNew;;MENU;1;;3;system/sms-message/sms-message-edit;
236;查看短信消息;;false;/system/sms-message/:entityId/detail;;SELF;;false;true;false;false;false;false;systemSmsMessageDetail;;MENU;1;;3;system/sms-message/sms-message-detail;
237;系统通告;;false;/system/announcement;;SELF;;false;false;false;false;false;false;systemAnnouncementList;;MENU;1;;3;system/announcement/announcement-list;
238;新建系统通告;;false;;;SELF;;false;true;false;false;false;false;system:announcement:new;;BUTTON;1;;237;;
239;编辑系统通告;;false;;;SELF;;false;true;false;false;false;false;system:announcement:edit;;BUTTON;1;;237;;
240;查看系统通告;;false;;;SELF;;false;true;false;false;false;false;system:announcement:detail;;BUTTON;1;;237;;
241;删除系统通告;;false;;;SELF;;false;true;false;false;false;false;system:announcement:delete;;BUTTON;1;;237;;
242;导入系统通告;;false;;;SELF;;false;true;false;false;false;false;system:announcement:import;;BUTTON;1;;237;;
243;导出系统通告;;false;;;SELF;;false;true;false;false;false;false;system:announcement:export;;BUTTON;1;;237;;
244;打印系统通告;;false;;;SELF;;false;true;false;false;false;false;system:announcement:print;;BUTTON;1;;237;;
245;列配置系统通告;;false;;;SELF;;false;true;false;false;false;false;system:announcement:customColumn;;BUTTON;1;;237;;
246;编辑系统通告;;false;/system/announcement/:entityId/edit;;SELF;;false;true;false;false;false;false;systemAnnouncementEdit;;MENU;1;;3;system/announcement/announcement-edit;
247;新建系统通告;;false;/system/announcement/new;;SELF;;false;true;false;false;false;false;systemAnnouncementNew;;MENU;1;;3;system/announcement/announcement-edit;
248;查看系统通告;;false;/system/announcement/:entityId/detail;;SELF;;false;true;false;false;false;false;systemAnnouncementDetail;;MENU;1;;3;system/announcement/announcement-detail;
249;定时任务;;false;/taskjob;;SELF;ant-design:project-outline;false;false;false;false;false;false;taskjob;;MENU;1;;;LAYOUT;
250;任务配置;;false;/taskjob/task-job-config;;SELF;;false;false;false;false;false;false;taskjobTaskJobConfigList;;MENU;1;;249;taskjob/task-job-config/task-job-config-list;
251;新建任务配置;;false;;;SELF;;false;true;false;false;false;false;taskjob:taskJobConfig:new;;BUTTON;1;;250;;
252;编辑任务配置;;false;;;SELF;;false;true;false;false;false;false;taskjob:taskJobConfig:edit;;BUTTON;1;;250;;
253;查看任务配置;;false;;;SELF;;false;true;false;false;false;false;taskjob:taskJobConfig:detail;;BUTTON;1;;250;;
254;删除任务配置;;false;;;SELF;;false;true;false;false;false;false;taskjob:taskJobConfig:delete;;BUTTON;1;;250;;
255;导入任务配置;;false;;;SELF;;false;true;false;false;false;false;taskjob:taskJobConfig:import;;BUTTON;1;;250;;
256;导出任务配置;;false;;;SELF;;false;true;false;false;false;false;taskjob:taskJobConfig:export;;BUTTON;1;;250;;
257;打印任务配置;;false;;;SELF;;false;true;false;false;false;false;taskjob:taskJobConfig:print;;BUTTON;1;;250;;
258;列配置任务配置;;false;;;SELF;;false;true;false;false;false;false;taskjob:taskJobConfig:customColumn;;BUTTON;1;;250;;
259;编辑任务配置;;false;/taskjob/task-job-config/:entityId/edit;;SELF;;false;true;false;false;false;false;taskjobTaskJobConfigEdit;;MENU;1;;249;taskjob/task-job-config/task-job-config-edit;
260;新建任务配置;;false;/taskjob/task-job-config/new;;SELF;;false;true;false;false;false;false;taskjobTaskJobConfigNew;;MENU;1;;249;taskjob/task-job-config/task-job-config-edit;
261;查看任务配置;;false;/taskjob/task-job-config/:entityId/detail;;SELF;;false;true;false;false;false;false;taskjobTaskJobConfigDetail;;MENU;1;;249;taskjob/task-job-config/task-job-config-detail;
262;日志管理;;false;/log;;SELF;ant-design:profile-outlined;false;false;false;false;false;false;log;;MENU;1;;;LAYOUT;
263;系统日志;;false;/log/sys-log;;SELF;;false;false;false;false;false;false;logSysLogList;;MENU;1;;262;log/sys-log/sys-log-list;
264;新建系统日志;;false;;;SELF;;false;true;false;false;false;false;log:sysLog:new;;BUTTON;1;;263;;
265;编辑系统日志;;false;;;SELF;;false;true;false;false;false;false;log:sysLog:edit;;BUTTON;1;;263;;
266;查看系统日志;;false;;;SELF;;false;true;false;false;false;false;log:sysLog:detail;;BUTTON;1;;263;;
267;删除系统日志;;false;;;SELF;;false;true;false;false;false;false;log:sysLog:delete;;BUTTON;1;;263;;
268;导入系统日志;;false;;;SELF;;false;true;false;false;false;false;log:sysLog:import;;BUTTON;1;;263;;
269;导出系统日志;;false;;;SELF;;false;true;false;false;false;false;log:sysLog:export;;BUTTON;1;;263;;
270;打印系统日志;;false;;;SELF;;false;true;false;false;false;false;log:sysLog:print;;BUTTON;1;;263;;
271;列配置系统日志;;false;;;SELF;;false;true;false;false;false;false;log:sysLog:customColumn;;BUTTON;1;;263;;
272;编辑系统日志;;false;/log/sys-log/:entityId/edit;;SELF;;false;true;false;false;false;false;logSysLogEdit;;MENU;1;;262;log/sys-log/sys-log-edit;
273;新建系统日志;;false;/log/sys-log/new;;SELF;;false;true;false;false;false;false;logSysLogNew;;MENU;1;;262;log/sys-log/sys-log-edit;
274;查看系统日志;;false;/log/sys-log/:entityId/detail;;SELF;;false;true;false;false;false;false;logSysLogDetail;;MENU;1;;262;log/sys-log/sys-log-detail;
275;表单配置;;false;/system/form-config;;SELF;;false;false;false;false;false;false;systemFormConfigList;;MENU;1;;3;settings/form-config/form-config-list;
276;新建表单配置;;false;;;SELF;;false;true;false;false;false;false;system:formConfig:new;;BUTTON;1;;275;;
277;编辑表单配置;;false;;;SELF;;false;true;false;false;false;false;system:formConfig:edit;;BUTTON;1;;275;;
278;查看表单配置;;false;;;SELF;;false;true;false;false;false;false;system:formConfig:detail;;BUTTON;1;;275;;
279;删除表单配置;;false;;;SELF;;false;true;false;false;false;false;system:formConfig:delete;;BUTTON;1;;275;;
280;导入表单配置;;false;;;SELF;;false;true;false;false;false;false;system:formConfig:import;;BUTTON;1;;275;;
281;导出表单配置;;false;;;SELF;;false;true;false;false;false;false;system:formConfig:export;;BUTTON;1;;275;;
282;打印表单配置;;false;;;SELF;;false;true;false;false;false;false;system:formConfig:print;;BUTTON;1;;275;;
283;列配置表单配置;;false;;;SELF;;false;true;false;false;false;false;system:formConfig:customColumn;;BUTTON;1;;275;;
284;编辑表单配置;;false;/system/form-config/:entityId/edit;;SELF;;false;true;false;false;false;false;systemFormConfigEdit;;MENU;1;;3;settings/form-config/form-config-edit;
285;新建表单配置;;false;/system/form-config/new;;SELF;;false;true;false;false;false;false;systemFormConfigNew;;MENU;1;;3;settings/form-config/form-config-edit;
286;查看表单配置;;false;/system/form-config/:entityId/detail;;SELF;;false;true;false;false;false;false;systemFormConfigDetail;;MENU;1;;3;settings/form-config/form-config-detail;
287;消息模板;;false;/files/sms-template;;SELF;;false;false;false;false;false;false;systemSmsTemplateList;;MENU;1;;115;files/sms-template/sms-template-list;
288;新建消息模板;;false;;;SELF;;false;true;false;false;false;false;system:smsTemplate:new;;BUTTON;1;;287;;
289;编辑消息模板;;false;;;SELF;;false;true;false;false;false;false;system:smsTemplate:edit;;BUTTON;1;;287;;
290;查看消息模板;;false;;;SELF;;false;true;false;false;false;false;system:smsTemplate:detail;;BUTTON;1;;287;;
291;删除消息模板;;false;;;SELF;;false;true;false;false;false;false;system:smsTemplate:delete;;BUTTON;1;;287;;
292;导入消息模板;;false;;;SELF;;false;true;false;false;false;false;system:smsTemplate:import;;BUTTON;1;;287;;
293;导出消息模板;;false;;;SELF;;false;true;false;false;false;false;system:smsTemplate:export;;BUTTON;1;;287;;
294;打印消息模板;;false;;;SELF;;false;true;false;false;false;false;system:smsTemplate:print;;BUTTON;1;;287;;
295;列配置消息模板;;false;;;SELF;;false;true;false;false;false;false;system:smsTemplate:customColumn;;BUTTON;1;;287;;
296;编辑消息模板;;false;/files/sms-template/:entityId/edit;;SELF;;false;true;false;false;false;false;systemSmsTemplateEdit;;MENU;1;;115;files/sms-template/sms-template-edit;
297;新建消息模板;;false;/files/sms-template/new;;SELF;;false;true;false;false;false;false;systemSmsTemplateNew;;MENU;1;;115;files/sms-template/sms-template-edit;
298;查看消息模板;;false;/files/sms-template/:entityId/detail;;SELF;;false;true;false;false;false;false;systemSmsTemplateDetail;;MENU;1;;115;files/sms-template/sms-template-detail;
299;短信服务商配置;;false;/files/sms-supplier;;SELF;;false;false;false;false;false;false;systemSmsSupplierList;;MENU;1;;115;files/sms-supplier/sms-supplier-list;
300;新建短信服务商配置;;false;;;SELF;;false;true;false;false;false;false;system:smsSupplier:new;;BUTTON;1;;299;;
301;编辑短信服务商配置;;false;;;SELF;;false;true;false;false;false;false;system:smsSupplier:edit;;BUTTON;1;;299;;
302;查看短信服务商配置;;false;;;SELF;;false;true;false;false;false;false;system:smsSupplier:detail;;BUTTON;1;;299;;
303;删除短信服务商配置;;false;;;SELF;;false;true;false;false;false;false;system:smsSupplier:delete;;BUTTON;1;;299;;
304;导入短信服务商配置;;false;;;SELF;;false;true;false;false;false;false;system:smsSupplier:import;;BUTTON;1;;299;;
305;导出短信服务商配置;;false;;;SELF;;false;true;false;false;false;false;system:smsSupplier:export;;BUTTON;1;;299;;
306;打印短信服务商配置;;false;;;SELF;;false;true;false;false;false;false;system:smsSupplier:print;;BUTTON;1;;299;;
307;列配置短信服务商配置;;false;;;SELF;;false;true;false;false;false;false;system:smsSupplier:customColumn;;BUTTON;1;;299;;
308;编辑短信服务商配置;;false;/files/sms-supplier/:entityId/edit;;SELF;;false;true;false;false;false;false;systemSmsSupplierEdit;;MENU;1;;115;files/sms-supplier/sms-supplier-edit;
309;新建短信服务商配置;;false;/files/sms-supplier/new;;SELF;;false;true;false;false;false;false;systemSmsSupplierNew;;MENU;1;;115;files/sms-supplier/sms-supplier-edit;
310;查看短信服务商配置;;false;/files/sms-supplier/:entityId/detail;;SELF;;false;true;false;false;false;false;systemSmsSupplierDetail;;MENU;1;;115;files/sms-supplier/sms-supplier-detail;
311;对象存储配置;;false;/files/oss-config;;SELF;;false;false;false;false;false;false;ossOssConfigList;;MENU;1;;115;files/oss-config/oss-config-list;
312;新建对象存储配置;;false;;;SELF;;false;true;false;false;false;false;oss:ossConfig:new;;BUTTON;1;;311;;
313;编辑对象存储配置;;false;;;SELF;;false;true;false;false;false;false;oss:ossConfig:edit;;BUTTON;1;;311;;
314;查看对象存储配置;;false;;;SELF;;false;true;false;false;false;false;oss:ossConfig:detail;;BUTTON;1;;311;;
315;删除对象存储配置;;false;;;SELF;;false;true;false;false;false;false;oss:ossConfig:delete;;BUTTON;1;;311;;
316;导入对象存储配置;;false;;;SELF;;false;true;false;false;false;false;oss:ossConfig:import;;BUTTON;1;;311;;
317;导出对象存储配置;;false;;;SELF;;false;true;false;false;false;false;oss:ossConfig:export;;BUTTON;1;;311;;
318;打印对象存储配置;;false;;;SELF;;false;true;false;false;false;false;oss:ossConfig:print;;BUTTON;1;;311;;
319;列配置对象存储配置;;false;;;SELF;;false;true;false;false;false;false;oss:ossConfig:customColumn;;BUTTON;1;;311;;
320;编辑对象存储配置;;false;/files/oss-config/:entityId/edit;;SELF;;false;true;false;false;false;false;ossOssConfigEdit;;MENU;1;;115;files/oss-config/oss-config-edit;
321;新建对象存储配置;;false;/files/oss-config/new;;SELF;;false;true;false;false;false;false;ossOssConfigNew;;MENU;1;;115;files/oss-config/oss-config-edit;
322;查看对象存储配置;;false;/files/oss-config/:entityId/detail;;SELF;;false;true;false;false;false;false;ossOssConfigDetail;;MENU;1;;115;files/oss-config/oss-config-detail;
323;表单配置;;false;/settings/form-config;;SELF;;false;false;false;false;false;false;systemFormConfigList;;MENU;1;;54;settings/form-config/form-config-list;
324;新建表单配置;;false;;;SELF;;false;true;false;false;false;false;system:formConfig:new;;BUTTON;1;;323;;
325;编辑表单配置;;false;;;SELF;;false;true;false;false;false;false;system:formConfig:edit;;BUTTON;1;;323;;
326;查看表单配置;;false;;;SELF;;false;true;false;false;false;false;system:formConfig:detail;;BUTTON;1;;323;;
327;删除表单配置;;false;;;SELF;;false;true;false;false;false;false;system:formConfig:delete;;BUTTON;1;;323;;
328;导入表单配置;;false;;;SELF;;false;true;false;false;false;false;system:formConfig:import;;BUTTON;1;;323;;
329;导出表单配置;;false;;;SELF;;false;true;false;false;false;false;system:formConfig:export;;BUTTON;1;;323;;
330;打印表单配置;;false;;;SELF;;false;true;false;false;false;false;system:formConfig:print;;BUTTON;1;;323;;
331;列配置表单配置;;false;;;SELF;;false;true;false;false;false;false;system:formConfig:customColumn;;BUTTON;1;;323;;
332;编辑表单配置;;false;/settings/form-config/:entityId/edit;;SELF;;false;true;false;false;false;false;systemFormConfigEdit;;MENU;1;;54;settings/form-config/form-config-edit;
333;新建表单配置;;false;/settings/form-config/new;;SELF;;false;true;false;false;false;false;systemFormConfigNew;;MENU;1;;54;settings/form-config/form-config-edit;
334;查看表单配置;;false;/settings/form-config/:entityId/detail;;SELF;;false;true;false;false;false;false;systemFormConfigDetail;;MENU;1;;54;settings/form-config/form-config-detail;
335;网站配置;;false;/settings/system-config;;SELF;;false;false;false;false;false;false;systemSystemConfigList;;MENU;1;;54;settings/system-config/system-config-list;
336;新建网站配置;;false;;;SELF;;false;true;false;false;false;false;system:systemConfig:new;;BUTTON;1;;335;;
337;编辑网站配置;;false;;;SELF;;false;true;false;false;false;false;system:systemConfig:edit;;BUTTON;1;;335;;
338;查看网站配置;;false;;;SELF;;false;true;false;false;false;false;system:systemConfig:detail;;BUTTON;1;;335;;
339;删除网站配置;;false;;;SELF;;false;true;false;false;false;false;system:systemConfig:delete;;BUTTON;1;;335;;
340;导入网站配置;;false;;;SELF;;false;true;false;false;false;false;system:systemConfig:import;;BUTTON;1;;335;;
341;导出网站配置;;false;;;SELF;;false;true;false;false;false;false;system:systemConfig:export;;BUTTON;1;;335;;
342;打印网站配置;;false;;;SELF;;false;true;false;false;false;false;system:systemConfig:print;;BUTTON;1;;335;;
343;列配置网站配置;;false;;;SELF;;false;true;false;false;false;false;system:systemConfig:customColumn;;BUTTON;1;;335;;
344;编辑网站配置;;false;/settings/system-config/:entityId/edit;;SELF;;false;true;false;false;false;false;systemSystemConfigEdit;;MENU;1;;54;settings/system-config/system-config-edit;
345;新建网站配置;;false;/settings/system-config/new;;SELF;;false;true;false;false;false;false;systemSystemConfigNew;;MENU;1;;54;settings/system-config/system-config-edit;
346;查看网站配置;;false;/settings/system-config/:entityId/detail;;SELF;;false;true;false;false;false;false;systemSystemConfigDetail;;MENU;1;;54;settings/system-config/system-config-detail;
